name;transactionDate;iban;amount
Kenyon Stark;10/27/2022;CR7880370534805481174;1551
Rina Clemons;4/22/2023;CZ1984814858542168320723;1745
Stuart Blankenship;12/13/2022;LV22KEXP1137189247783;1726
Flynn Black;2/10/2022;GB55CJTQ16353546511187;1756
Clark Bishop;6/1/2022;PS168859710183677767282714638;1155
Kirsten Wong;10/29/2022;LB35761372429200188329781284;1922
Erin Nash;10/23/2023;LB95151661133107928748468815;1469
Candice Summers;4/13/2023;SK2372593325565151721026;1309
Raya Mcdonald;9/21/2022;PL67347242610422035104658736;1236
Kelsey Norton;11/28/2022;SK0331865237436455737720;197
Davis Russo;7/4/2023;DK5448927593495533;422
Vincent Head;10/25/2023;IS643328304747743293647675;1262
Erich Santiago;1/22/2024;EE236585032043716852;1188
Sandra Willis;4/4/2022;AD4855133317766553653232;1653
Sybil Justice;6/6/2023;AT960434146393381622;649
Zachery Carter;7/1/2023;GT55558412448717275751472473;1491
Beatrice Clarke;8/1/2023;DE42726443857744871181;1563
Jael Frazier;3/21/2023;AL07644723422272714573822927;1311
Seth Gregory;2/5/2024;HU10332778135283439226562266;1648
Charde Mooney;7/11/2022;CZ0811182724384676369443;1807
Courtney Mcconnell;5/24/2023;MT26AOPS21944226414599088395619;362
Dexter Serrano;1/3/2024;ME48914457674529861327;1656
Lois Faulkner;6/24/2023;GE44095426619659163585;838
Kato Wells;4/4/2023;SE4622701237748702227654;1219
Mara Thornton;3/14/2022;LU606163238282134496;1257
MacKenzie Sanford;1/16/2024;LT114415847727282455;106
Dawn Nguyen;4/7/2023;GI75XWIW214246032888348;1123
Brianna Vaughan;12/27/2022;FI9606335801264405;1298
Ethan Mckay;2/13/2023;SM3083664373225397610967552;159
Patience Doyle;12/25/2022;CH6616338128764445837;796
Zeus Spears;1/17/2023;TN3703680524183422473860;1923
Drew Jimenez;9/26/2022;CZ0470204458483412407884;740
Melanie Cox;9/10/2022;AE551758426826517023270;1072
Upton Wolfe;4/18/2023;SK9528071694617862869420;367
Juliet Blake;1/22/2023;NL22UMWC2577123087;1309
Madeson Benjamin;5/28/2022;FR4098975886183052181642489;1804
Martina Hensley;7/1/2023;KZ782324401620812157;1152
Nayda Gay;8/17/2022;ME41311495147731532201;1839
Alice Madden;6/18/2022;EE811216529597813789;1405
Whoopi Valencia;9/1/2023;VG7981434257579981379144;404
Chandler Casey;10/28/2022;SK2830201794748016832881;947
Madaline Vargas;8/10/2023;MC5383917315786324875413172;1661
Kuame Byers;1/21/2023;LT733548886743691725;1032
Myra Stewart;4/11/2023;MR7332258453645684186711996;472
Darryl Carney;3/4/2022;IE25DRDG52265687028534;670
Dale Henderson;11/10/2023;FR2549344119334688951345886;1568
Mark Payne;10/12/2022;SE6828518337302154547524;432
Clayton Rivas;11/24/2022;AT836167671612632685;1047
Illiana Gillespie;8/3/2023;MK59655144974399848;1817
Lucius Hawkins;3/26/2023;TN7937430317305509664728;1602
Patrick Mcdowell;2/1/2024;EE835924547244927645;330
Carson Guerrero;8/2/2022;GB09YWOV24261747121702;384
Chanda Harding;6/29/2022;MU6543668107572787430602119574;1309
Imelda Whitley;4/18/2022;FO4540337107833608;803
Murphy Freeman;2/4/2023;PT92712386212654683056186;1730
Idola Wade;9/25/2023;VG8143386469992232737773;1389
Harding Buckner;1/18/2023;HR9288869130923618515;1169
Ella Burks;11/22/2022;DK0203447833535525;1198
Francesca Moses;4/7/2022;BE61144341733447;1024
Ulla Dillard;7/22/2022;KZ961409977831147579;763
Elmo Griffin;6/12/2022;PK2555792857721665829563;1166
Akeem Keller;5/13/2022;IE15NZMQ39722696447844;103
Gabriel Hayden;1/3/2024;BH64181839734145803780;789
Malcolm Madden;11/18/2023;HU94382625996218237288764135;1115
Hamish Cardenas;5/2/2023;FI3784386248432777;1129
Guy Wilkerson;2/2/2024;DE79333860283833505969;1089
Raymond Beck;5/31/2023;PS735345267465166929156856968;1261
Rowan Mcintyre;10/6/2023;TR236331821798489045561771;1769
MacKensie Page;5/17/2023;LI1267853429129138886;751
Tanisha Buchanan;3/27/2022;AD6986288515003049188740;1818
Odette Houston;6/11/2023;PS334661614183443362714585187;1709
Hedwig Byers;9/10/2022;VG7035179952704863082902;1210
Arsenio Wiley;12/24/2022;MT86NPQH86877419810986307245626;1134
Alvin Ingram;12/1/2023;TR052457745444747534145255;106
Aaron Duke;12/20/2022;BA473908465595315685;561
Halee Boone;2/20/2022;LI4529881597634277753;1195
Chantale Gomez;8/29/2022;GI73YVNM733825456116539;544
Hop Patton;2/4/2024;HU50688028571520795352395645;1544
Walker Rogers;5/6/2023;GL7975499495129666;529
Quemby Bradshaw;4/17/2023;KW6726564752685942367388892102;160
Veronica Rocha;4/10/2023;IT833PJGHI11599519301376623;1873
Ishmael Henson;1/1/2024;MD3587978173613518898215;544
Herman Maddox;4/16/2022;NL47PFIR4548611132;638
Kennedy Harrell;11/6/2022;GI05KWRG541554650471751;964
Hayes Fowler;3/24/2023;BA786380168613148759;1911
Daria Morris;1/27/2024;SM2273564762395983494894636;1122
Reece Garrett;4/17/2022;TR388470622635713845988258;1208
Deacon Calderon;7/4/2022;NO2983399751544;1241
Chaney Wyatt;3/15/2023;LI1278249561383839543;512
Talon Christian;12/7/2023;NL66YJRG1496868277;1760
Sophia Mueller;3/14/2023;CY15007777897735384884856042;386
Darrel Hull;10/11/2023;SK8378579867637531682756;1386
Candace Rosa;10/30/2023;SE3274551853522378882438;994
Dalton Pennington;9/22/2023;SK8513653195873615127938;675
Rinah Lancaster;6/2/2023;BH55654753261025195470;1321
Susan Gonzales;5/14/2022;RS18112734121883278454;1841
Finn Morton;10/12/2022;NL13DLDF9344125586;1812
Hedwig Gaines;1/2/2023;GR4478755534065315184374193;277
Jacob May;5/20/2022;KW2024001989855846776117231194;1529
Cally Pratt;9/21/2023;RS93740126435138748172;977